{
  "experiment_id": "EXP-033",
  "timestamp": "2026-01-04T06:50:59.821815",
  "hypothesis": "Higher fertility \u2192 more quantization degradation",
  "model_results": {
    "mBERT": {
      "fertility_by_lang": {
        "en": 1.4782608695652173,
        "de": 1.5238095238095237,
        "fr": 1.5769230769230769,
        "es": 1.4615384615384615,
        "zh": 10.333333333333334,
        "ar": 2.6666666666666665,
        "he": 2.1578947368421053,
        "ru": 2.3157894736842106,
        "ja": 16.0,
        "ko": 2.8,
        "hi": 2.25,
        "sw": 2.238095238095238
      },
      "normalized_fertility": {
        "en": 1.0,
        "de": 1.030812324929972,
        "fr": 1.0667420814479638,
        "es": 0.9886877828054299,
        "zh": 6.9901960784313735,
        "ar": 1.803921568627451,
        "he": 1.4597523219814244,
        "ru": 1.5665634674922602,
        "ja": 10.823529411764707,
        "ko": 1.8941176470588235,
        "hi": 1.522058823529412,
        "sw": 1.5140056022408965
      },
      "known_degradation": {
        "en": 1.0,
        "sw": 1.4,
        "he": 1.25,
        "es": 1.05,
        "ja": 1.16,
        "fr": 1.16,
        "zh": 1.15,
        "hi": 1.35,
        "ko": 1.2,
        "ar": 1.3,
        "de": 1.1,
        "ru": 1.2
      },
      "correlation": -0.07095435895543374,
      "p_value": 0.8265525910755468,
      "hypothesis_supported": "False",
      "r_squared": 0.00503452105477654
    },
    "BLOOM": {
      "fertility_by_lang": {
        "en": 1.3043478260869565,
        "de": 2.0,
        "fr": 1.3461538461538463,
        "es": 1.2692307692307692,
        "zh": 8.0,
        "ar": 1.8888888888888888,
        "he": 4.157894736842105,
        "ru": 3.4210526315789473,
        "ja": 17.333333333333332,
        "ko": 5.466666666666667,
        "hi": 1.4583333333333333,
        "sw": 1.7142857142857142
      },
      "normalized_fertility": {
        "en": 1.0,
        "de": 1.5333333333333332,
        "fr": 1.0320512820512822,
        "es": 0.9730769230769231,
        "zh": 6.133333333333333,
        "ar": 1.4481481481481482,
        "he": 3.187719298245614,
        "ru": 2.6228070175438596,
        "ja": 13.288888888888888,
        "ko": 4.191111111111111,
        "hi": 1.1180555555555556,
        "sw": 1.3142857142857143
      },
      "known_degradation": {
        "en": 1.0,
        "sw": 1.4,
        "he": 1.25,
        "es": 1.05,
        "ja": 1.16,
        "fr": 1.16,
        "zh": 1.15,
        "hi": 1.35,
        "ko": 1.2,
        "ar": 1.3,
        "de": 1.1,
        "ru": 1.2
      },
      "correlation": -0.08476178189538648,
      "p_value": 0.7933918786846904,
      "hypothesis_supported": "False",
      "r_squared": 0.007184559670081067
    }
  }
}