{
  "DistilmBERT": {
    "model": "DistilmBERT",
    "per_layer": {
      "other": {
        "kurtosis": 10.793425559997559,
        "max_abs": 0.8643348813056946,
        "std": 0.04485635086894035,
        "n_weights": 30000
      },
      "0": {
        "kurtosis": 0.9437010288238525,
        "max_abs": 0.3316623866558075,
        "std": 0.03794078156352043,
        "n_weights": 60000
      },
      "1": {
        "kurtosis": 1.2004289627075195,
        "max_abs": 0.34704405069351196,
        "std": 0.039745476096868515,
        "n_weights": 60000
      },
      "2": {
        "kurtosis": 0.7595782279968262,
        "max_abs": 0.2712787091732025,
        "std": 0.04482794180512428,
        "n_weights": 60000
      },
      "3": {
        "kurtosis": 0.5511538982391357,
        "max_abs": 0.25317156314849854,
        "std": 0.04400571435689926,
        "n_weights": 60000
      },
      "4": {
        "kurtosis": 0.3417220115661621,
        "max_abs": 0.19993345439434052,
        "std": 0.041411712765693665,
        "n_weights": 60000
      },
      "5": {
        "kurtosis": 0.3488795757293701,
        "max_abs": 0.21406330168247223,
        "std": 0.042410917580127716,
        "n_weights": 60000
      }
    },
    "summary": {
      "mean_kurtosis": 2.134127037865775,
      "max_kurtosis": 10.793425559997559,
      "std_kurtosis": 3.5469779842405798,
      "outlier_layers": [
        "other"
      ]
    }
  },
  "mT5-small": {
    "model": "mT5-small",
    "per_layer": {
      "other": {
        "kurtosis": 137.50514221191406,
        "max_abs": 114.0,
        "std": 4.665684223175049,
        "n_weights": 40000
      },
      "0": {
        "kurtosis": 568.8776245117188,
        "max_abs": 21.875,
        "std": 0.3655727803707123,
        "n_weights": 180384
      },
      "1": {
        "kurtosis": 3.093311309814453,
        "max_abs": 2.4375,
        "std": 0.3324390947818756,
        "n_weights": 180000
      },
      "2": {
        "kurtosis": 2.8776183128356934,
        "max_abs": 3.5,
        "std": 0.4215121269226074,
        "n_weights": 180000
      },
      "3": {
        "kurtosis": 4.455564975738525,
        "max_abs": 4.6875,
        "std": 0.5037013292312622,
        "n_weights": 180000
      },
      "4": {
        "kurtosis": 4.120255947113037,
        "max_abs": 5.71875,
        "std": 0.5379880666732788,
        "n_weights": 180000
      },
      "5": {
        "kurtosis": 5.77696418762207,
        "max_abs": 7.375,
        "std": 0.6609453558921814,
        "n_weights": 180000
      },
      "6": {
        "kurtosis": 4.597219467163086,
        "max_abs": 6.78125,
        "std": 0.7105274796485901,
        "n_weights": 180000
      },
      "7": {
        "kurtosis": 27.695701599121094,
        "max_abs": 22.25,
        "std": 1.0336061716079712,
        "n_weights": 180000
      }
    },
    "summary": {
      "mean_kurtosis": 84.33326694700453,
      "max_kurtosis": 568.8776245117188,
      "std_kurtosis": 176.19331367017202,
      "outlier_layers": [
        "0"
      ]
    }
  }
}