{
  "model": "XLM-R-base",
  "architecture": "encoder-only (masked LM)",
  "per_layer": {
    "0": {
      "mean": 0.005043067969381809,
      "std": 0.06952603161334991,
      "kurtosis": 4.093295574188232,
      "skew": -0.020903436467051506,
      "max_abs": 1.0048828125,
      "n_weights": 7077888
    },
    "1": {
      "mean": 0.0056379409506917,
      "std": 0.060531746596097946,
      "kurtosis": 4.115617752075195,
      "skew": 0.0885845497250557,
      "max_abs": 2.0,
      "n_weights": 7077888
    },
    "2": {
      "mean": 0.005384256597608328,
      "std": 0.05725651606917381,
      "kurtosis": 4.597754955291748,
      "skew": 0.1825399547815323,
      "max_abs": 2.0,
      "n_weights": 7077888
    },
    "3": {
      "mean": 0.005939032416790724,
      "std": 0.06007320433855057,
      "kurtosis": 4.001175403594971,
      "skew": 0.27357351779937744,
      "max_abs": 2.0,
      "n_weights": 7077888
    },
    "4": {
      "mean": 0.006357986945658922,
      "std": 0.06514395773410797,
      "kurtosis": 4.624920845031738,
      "skew": 0.36022448539733887,
      "max_abs": 2.0,
      "n_weights": 7077888
    },
    "5": {
      "mean": 0.006276127882301807,
      "std": 0.06284161657094955,
      "kurtosis": 5.530540466308594,
      "skew": 0.42417410016059875,
      "max_abs": 2.0,
      "n_weights": 7077888
    },
    "6": {
      "mean": 0.005671989638358355,
      "std": 0.06255750358104706,
      "kurtosis": 5.841509819030762,
      "skew": 0.321187824010849,
      "max_abs": 2.0,
      "n_weights": 7077888
    },
    "7": {
      "mean": 0.005561650265008211,
      "std": 0.06002004072070122,
      "kurtosis": 5.232458114624023,
      "skew": 0.2434922158718109,
      "max_abs": 1.392578125,
      "n_weights": 7077888
    },
    "8": {
      "mean": -0.00434151804074645,
      "std": 0.06016384810209274,
      "kurtosis": 5.045600891113281,
      "skew": -0.17600604891777039,
      "max_abs": 1.029296875,
      "n_weights": 7077888
    },
    "9": {
      "mean": -0.004159567411988974,
      "std": 0.05694880709052086,
      "kurtosis": 4.030579090118408,
      "skew": -0.11595508456230164,
      "max_abs": 1.0,
      "n_weights": 7077888
    },
    "10": {
      "mean": -0.003119919216260314,
      "std": 0.05034084990620613,
      "kurtosis": 4.319387435913086,
      "skew": 0.028866149485111237,
      "max_abs": 1.0048828125,
      "n_weights": 7077888
    },
    "11": {
      "mean": -0.0022703763097524643,
      "std": 0.04907273128628731,
      "kurtosis": 9.813082695007324,
      "skew": -0.06502304971218109,
      "max_abs": 2.0,
      "n_weights": 7077888
    }
  },
  "summary": {
    "mean_kurtosis": 5.103826920191447,
    "std_kurtosis": 1.5381136747368562,
    "max_kurtosis": 9.813082695007324,
    "outlier_layers": [
      "11"
    ],
    "outlier_threshold": 8.18005426966516
  }
}