{
  "id": "Exp-034",
  "name": "Multi-Language Synergy Validation",
  "timestamp": "2026-01-09T02:24:15.971518",
  "duration_sec": 60.858773,
  "results": {
    "none": {
      "protected": 0,
      "pct": 0.0,
      "disparity": {
        "en": 1.0,
        "de": 2.52920233475708,
        "fr": 0.7740871859399365,
        "zh": 33.60638751524303,
        "ar": 81.99280260627019,
        "he": 213.8216097253107
      },
      "degradation": {
        "en": 4544.200465563847,
        "de": 11493.20242710829,
        "fr": 3517.6073507352676,
        "zh": 152714.1617926864,
        "ar": 372591.73177629756,
        "he": 971648.258461368
      },
      "avg_lr_disp": 147.90720616579046
    },
    "layer0": {
      "protected": 7079424,
      "pct": 5.6890348143256535,
      "disparity": {
        "en": 1.0,
        "de": 0.8963102421734592,
        "fr": 0.41963238392474966,
        "zh": 1.1781673691587649,
        "ar": 1.2888896494172075,
        "he": 5.947131367132492
      },
      "degradation": {
        "en": 5884.174135078882,
        "de": 5274.0455440033575,
        "fr": 2469.190019731503,
        "zh": 6932.541960397937,
        "ar": 7584.05113807162,
        "he": 34993.95656839732
      },
      "avg_lr_disp": 3.6180105082748497
    },
    "layer0+11": {
      "protected": 14158848,
      "pct": 11.378069628651307,
      "disparity": {
        "en": 1.0,
        "de": 0.7825151210048772,
        "fr": 0.46872999477377586,
        "zh": 0.2773462285595852,
        "ar": 0.6925983262672003,
        "he": 0.7519709697318185
      },
      "degradation": {
        "en": 11929.230332012427,
        "de": 9334.803116749756,
        "fr": 5591.588071179353,
        "zh": 3308.5270422022545,
        "ar": 8262.164961607725,
        "he": 8970.434900917608
      },
      "avg_lr_disp": 0.7222846479995094
    },
    "even_layers": {
      "protected": 42476544,
      "pct": 34.13420888595392,
      "disparity": {
        "en": 1.0,
        "de": 0.7492559069245373,
        "fr": 0.7436457827555711,
        "zh": 1.3814352474471439,
        "ar": 0.5864680111012875,
        "he": 0.36952808005821225
      },
      "degradation": {
        "en": 3508.6758741343465,
        "de": 2628.8961241787733,
        "fr": 2609.2120168562237,
        "zh": 4847.008524396605,
        "ar": 2057.726161502642,
        "he": 1296.5542593154346
      },
      "avg_lr_disp": 0.4779980455797499
    }
  },
  "status": "SUCCESS"
}