{
  "id": "Exp-027",
  "name": "Minimal Protection Strategy",
  "timestamp": "2026-01-08T15:52:37.135792",
  "duration_sec": 65.474394,
  "results": {
    "none": {
      "protected": 0,
      "pct": 0.0,
      "disparity": {
        "he": 92.55623295091682,
        "ar": 70.15947982666204,
        "zh": 19.84949210395466
      },
      "avg_lr_disp": 60.85506829384451
    },
    "layer0_ln_only": {
      "protected": 3072,
      "pct": 0.0024686634039165346,
      "disparity": {
        "he": 69.02375610949575,
        "ar": 43.74421281645647,
        "zh": 12.08233309238222
      },
      "avg_lr_disp": 41.61676733944481
    },
    "all_ln": {
      "protected": 38400,
      "pct": 0.03085829254895668,
      "disparity": {
        "he": 65.65883610681139,
        "ar": 118.53022090114334,
        "zh": 104.5661257263157
      },
      "avg_lr_disp": 96.25172757809014
    },
    "wpe_only": {
      "protected": 786432,
      "pct": 0.6319778314026329,
      "disparity": {
        "he": 89.90224342865426,
        "ar": 89.43618665107854,
        "zh": 16.155173197760032
      },
      "avg_lr_disp": 65.16453442583095
    },
    "all_ln+wpe": {
      "protected": 824832,
      "pct": 0.6628361239515895,
      "disparity": {
        "he": 43.81346119588894,
        "ar": 1082.6828291469824,
        "zh": 17.5410141573469
      },
      "avg_lr_disp": 381.3457681667394
    },
    "layer0_attn": {
      "protected": 2362368,
      "pct": 1.898402157611815,
      "disparity": {
        "he": 21.75976970974932,
        "ar": 18.953313451947235,
        "zh": 9.349783853853618
      },
      "avg_lr_disp": 16.687622338516725
    },
    "layer0_mlp": {
      "protected": 4722432,
      "pct": 3.7949528176706924,
      "disparity": {
        "he": 6.474117144994092,
        "ar": 2.5135758164046114,
        "zh": 5.64969065215142
      },
      "avg_lr_disp": 4.879127871183375
    },
    "layer0": {
      "protected": 7087872,
      "pct": 5.6958236386864245,
      "disparity": {
        "he": 6.023470290376878,
        "ar": 2.9963526598660177,
        "zh": 2.3694693499768835
      },
      "avg_lr_disp": 3.796430766739926
    }
  },
  "pareto_frontier": [
    [
      "none",
      0.0,
      60.85506829384451
    ],
    [
      "layer0_ln_only",
      0.0024686634039165346,
      41.61676733944481
    ],
    [
      "layer0_attn",
      1.898402157611815,
      16.687622338516725
    ],
    [
      "layer0_mlp",
      3.7949528176706924,
      4.879127871183375
    ],
    [
      "layer0",
      5.6958236386864245,
      3.796430766739926
    ]
  ],
  "status": "SUCCESS"
}