{
  "id": "Exp-022",
  "name": "Multi-Language Validation",
  "timestamp": "2026-01-08T15:26:33.855053",
  "duration_sec": 42.385115,
  "languages": [
    "en",
    "de",
    "fr",
    "zh",
    "ar",
    "he"
  ],
  "hr_langs": [
    "en",
    "de",
    "fr"
  ],
  "lr_langs": [
    "zh",
    "ar",
    "he"
  ],
  "results": {
    "none": {
      "baseline": {
        "en": 162.47152709960938,
        "de": 214.21202087402344,
        "fr": 547.9036254882812,
        "zh": 51.331783294677734,
        "ar": 18.521150588989258,
        "he": 9.098283767700195
      },
      "quantized": {
        "en": 7545.50341796875,
        "de": 24834.033203125,
        "fr": 16082.2822265625,
        "zh": 78442.234375,
        "ar": 69026.796875,
        "he": 88412.4140625
      },
      "degradation": {
        "en": 4544.200465563847,
        "de": 11493.20242710829,
        "fr": 2835.23924252742,
        "zh": 152714.1617926864,
        "ar": 372591.73177629756,
        "he": 971648.258461368
      },
      "hr_mean": 6290.880711733185,
      "lr_mean": 498984.7173434507,
      "disparity": 79.31873774252136
    },
    "layer0": {
      "baseline": {
        "en": 162.47152709960938,
        "de": 214.21202087402344,
        "fr": 547.9036254882812,
        "zh": 51.331783294677734,
        "ar": 18.521150588989258,
        "he": 9.098283767700195
      },
      "quantized": {
        "en": 9722.5791015625,
        "de": 11511.8515625,
        "fr": 10560.2431640625,
        "zh": 3609.92919921875,
        "ar": 1423.1746826171875,
        "he": 3192.94775390625
      },
      "degradation": {
        "en": 5884.174135078882,
        "de": 5274.0455440033575,
        "fr": 1827.3906345575672,
        "zh": 6932.541960397937,
        "ar": 7584.05113807162,
        "he": 34993.95656839732
      },
      "hr_mean": 4328.536771213268,
      "lr_mean": 16503.516555622293,
      "disparity": 3.812724120857228
    },
    "layer0+layer2": {
      "baseline": {
        "en": 162.47152709960938,
        "de": 214.21202087402344,
        "fr": 547.9036254882812,
        "zh": 51.331783294677734,
        "ar": 18.521150588989258,
        "he": 9.098283767700195
      },
      "quantized": {
        "en": 7098.248046875,
        "de": 9881.3115234375,
        "fr": 7973.2666015625,
        "zh": 15451.0390625,
        "ar": 1832.155517578125,
        "he": 1891.138427734375
      },
      "degradation": {
        "en": 4268.918156670706,
        "de": 4512.865087178571,
        "fr": 1355.2315828275232,
        "zh": 30000.33564156736,
        "ar": 9792.233793873116,
        "he": 20685.66107652196
      },
      "hr_mean": 3379.0049422256,
      "lr_mean": 20159.410170654144,
      "disparity": 5.966078924222004
    }
  },
  "status": "SUCCESS"
}