{
  "id": "Exp-031",
  "name": "Layer 0 Fine-Grained Breakdown",
  "timestamp": "2026-01-09T02:03:00.871116",
  "duration_sec": 77.728573,
  "results": {
    "none": {
      "protected": 0,
      "pct": 0.0,
      "disparity": {
        "he": 213.8216097253107,
        "ar": 81.99280260627019
      },
      "avg_disp": 147.90720616579046,
      "degradation": {
        "en": 4544.200465563847,
        "he": 971648.258461368,
        "ar": 372591.73177629756
      }
    },
    "l0_ln_1": {
      "protected": 768,
      "pct": 0.0006171658509791337,
      "disparity": {
        "he": 203.0086707579928,
        "ar": 81.45903745135575
      },
      "avg_disp": 142.23385410467426,
      "degradation": {
        "en": 4512.52634598122,
        "he": 916081.9752580699,
        "ar": 367586.05261751375
      }
    },
    "l0_ln_2": {
      "protected": 768,
      "pct": 0.0006171658509791337,
      "disparity": {
        "he": 132.88678337120095,
        "ar": 86.63329508716845
      },
      "avg_disp": 109.7600392291847,
      "degradation": {
        "en": 4625.661854437761,
        "he": 614689.3247990983,
        "ar": 400736.3284089654
      }
    },
    "l0_attn_qkv": {
      "protected": 1769472,
      "pct": 1.421950120655924,
      "disparity": {
        "he": 108.660084686851,
        "ar": 19.303782392886063
      },
      "avg_disp": 63.98193353986853,
      "degradation": {
        "en": 6631.094672350004,
        "he": 720535.3086640779,
        "ar": 128005.20858167058
      }
    },
    "l0_attn_proj": {
      "protected": 589824,
      "pct": 0.4739833735519746,
      "disparity": {
        "he": 200.23864591061678,
        "ar": 93.08462444262841
      },
      "avg_disp": 146.6616351766226,
      "degradation": {
        "en": 4384.846522274129,
        "he": 878015.7301460487,
        "ar": 408161.79176445253
      }
    },
    "l0_attn_all": {
      "protected": 2359296,
      "pct": 1.8959334942078985,
      "disparity": {
        "he": 53.90732334775236,
        "ar": 16.03328055905359
      },
      "avg_disp": 34.97030195340297,
      "degradation": {
        "en": 7650.154840457134,
        "he": 412399.3706448956,
        "ar": 122657.07887725109
      }
    },
    "l0_mlp_fc": {
      "protected": 2359296,
      "pct": 1.8959334942078985,
      "disparity": {
        "he": 249.14761372713463,
        "ar": 54.06584988779429
      },
      "avg_disp": 151.60673180746446,
      "degradation": {
        "en": 8953.912729224829,
        "he": 2230845.9900073814,
        "ar": 484100.9015266801
      }
    },
    "l0_mlp_proj": {
      "protected": 2359296,
      "pct": 1.8959334942078985,
      "disparity": {
        "he": 49.227949993023806,
        "ar": 23.158568990870553
      },
      "avg_disp": 36.19325949194718,
      "degradation": {
        "en": 5733.382689687777,
        "he": 282242.6763388182,
        "ar": 132776.93857019735
      }
    },
    "l0_mlp_all": {
      "protected": 4718592,
      "pct": 3.791866988415797,
      "disparity": {
        "he": 138.9803297277108,
        "ar": 29.159348655352485
      },
      "avg_disp": 84.06983919153164,
      "degradation": {
        "en": 5490.325077617454,
        "he": 763047.189599593,
        "ar": 160094.30316947252
      }
    },
    "l0_full": {
      "protected": 7079424,
      "pct": 5.6890348143256535,
      "disparity": {
        "he": 5.947131367132492,
        "ar": 1.2888896494172075
      },
      "avg_disp": 3.6180105082748497,
      "degradation": {
        "en": 5884.174135078882,
        "he": 34993.95656839732,
        "ar": 7584.05113807162
      }
    }
  },
  "efficiencies": {
    "l0_ln_2": 61810.23605905167,
    "l0_ln_1": 9192.589078147175,
    "l0_attn_all": 59.56796720845493,
    "l0_attn_qkv": 59.0212493439703,
    "l0_mlp_proj": 58.92292478355957,
    "l0_full": 25.36268459707411,
    "l0_mlp_all": 16.835339206064663,
    "l0_attn_proj": 2.627879074815822,
    "l0_mlp_fc": -1.9512950496291666
  },
  "best_component": "l0_ln_2",
  "status": "SUCCESS"
}