{
  "id": "Exp-016",
  "name": "Statistical Robustness",
  "timestamp": "2026-01-08T13:14:05.339142",
  "duration_sec": 50.853385,
  "n_runs": 3,
  "models": [
    "gpt2",
    "opt"
  ],
  "results": {
    "gpt2": {
      "runs": [
        213.8216097253107,
        213.8216097253107,
        213.8216097253107
      ],
      "mean": 213.8216097253107,
      "std": 0.0,
      "cv": 0.0
    },
    "opt": {
      "runs": [
        153.31560487741856,
        153.31560487741856,
        153.31560487741856
      ],
      "mean": 153.31560487741856,
      "std": 0.0,
      "cv": 0.0
    }
  },
  "status": "SUCCESS"
}