{
  "id": "Exp-023",
  "name": "Longer Text Validation",
  "timestamp": "2026-01-08T15:35:13.219856",
  "duration_sec": 71.962127,
  "results": {
    "none": {
      "baseline": {
        "en": 122.7568359375,
        "he": 9.142675399780273,
        "ar": 12.21928882598877,
        "zh": 30.316190719604492
      },
      "quantized": {
        "en": 8045.15625,
        "he": 527393.9375,
        "ar": 171803.1875,
        "zh": 129168.6484375
      },
      "degradation": {
        "en": 6453.7338011025995,
        "he": 5768385.858227832,
        "ar": 1405899.8903913125,
        "zh": 425971.4996556967
      },
      "disparity": 392.5509109665251
    },
    "layer0": {
      "baseline": {
        "en": 122.7568359375,
        "he": 9.142675399780273,
        "ar": 12.21928882598877,
        "zh": 30.316190719604492
      },
      "quantized": {
        "en": 5769.61328125,
        "he": 3886.1005859375,
        "ar": 1744.56005859375,
        "zh": 3661.078369140625
      },
      "degradation": {
        "en": 4600.034207616365,
        "he": 42405.07008080911,
        "ar": 14177.099784099608,
        "zh": 11976.313950529164
      },
      "disparity": 4.967969129586347
    }
  },
  "consistency": "False",
  "status": "SUCCESS"
}