{
  "id": "Exp-030",
  "name": "Anti-Critical Layer Analysis",
  "timestamp": "2026-01-09T01:41:07.211215",
  "duration_sec": 44.561825,
  "results": {
    "none": {
      "protected": 0,
      "pct": 0.0,
      "disparity": {
        "he": 213.8216097253107,
        "ar": 81.99280260627019
      },
      "avg_disp": 147.90720616579046
    },
    "layer0_only": {
      "protected": 7079424,
      "pct": 5.6890348143256535,
      "disparity": {
        "he": 5.947131367132492,
        "ar": 1.2888896494172075
      },
      "avg_disp": 3.6180105082748497
    },
    "layer0+2": {
      "protected": 14158848,
      "pct": 11.378069628651307,
      "disparity": {
        "he": 4.845644802114111,
        "ar": 2.29384434990199
      },
      "avg_disp": 3.5697445760080506
    },
    "layer0+2+3": {
      "protected": 21238272,
      "pct": 17.06710444297696,
      "disparity": {
        "he": 4.7557457633580436,
        "ar": 1.0007496763272161
      },
      "avg_disp": 2.87824771984263
    },
    "even_layers": {
      "protected": 42476544,
      "pct": 34.13420888595392,
      "disparity": {
        "he": 0.36952808005821225,
        "ar": 0.5864680111012875
      },
      "avg_disp": 0.4779980455797499
    },
    "odd_layers": {
      "protected": 42476544,
      "pct": 34.13420888595392,
      "disparity": {
        "he": 2441.3756597388574,
        "ar": 317.80236663179517
      },
      "avg_disp": 1379.5890131853262
    },
    "first_half": {
      "protected": 42476544,
      "pct": 34.13420888595392,
      "disparity": {
        "he": 5.467298845499898,
        "ar": 1.1448458406032826
      },
      "avg_disp": 3.30607234305159
    },
    "first_half_no_L1": {
      "protected": 35397120,
      "pct": 28.44517407162827,
      "disparity": {
        "he": 6.128335223569915,
        "ar": 0.6628020045044896
      },
      "avg_disp": 3.3955686140372023
    }
  },
  "L1_impact": -0.08949627098561219,
  "best_strategy": "even_layers",
  "status": "SUCCESS"
}