{
  "id": "Exp-033",
  "name": "OPT-125M Input-Output Synergy",
  "timestamp": "2026-01-09T02:22:16.106431",
  "duration_sec": 60.645745,
  "results": {
    "none": {
      "protected": 0,
      "pct": 0.0,
      "disparity": {
        "he": 153.31560487741856,
        "ar": 90.0549270543953
      },
      "avg_disp": 121.68526596590694
    },
    "layer0": {
      "protected": 7079424,
      "pct": 5.65271781789639,
      "disparity": {
        "he": 45.115685805500576,
        "ar": 35.289536987424306
      },
      "avg_disp": 40.202611396462444
    },
    "layer11": {
      "protected": 7079424,
      "pct": 5.65271781789639,
      "disparity": {
        "he": 80.44297419874155,
        "ar": 48.31810687043223
      },
      "avg_disp": 64.38054053458688
    },
    "layer0+11": {
      "protected": 14158848,
      "pct": 11.30543563579278,
      "disparity": {
        "he": 23.436983918527872,
        "ar": 22.556107898434263
      },
      "avg_disp": 22.996545908481067
    },
    "layer0+10+11": {
      "protected": 21238272,
      "pct": 16.958153453689167,
      "disparity": {
        "he": 23.826732933557555,
        "ar": 32.52056199344084
      },
      "avg_disp": 28.1736474634992
    },
    "even_layers": {
      "protected": 42476544,
      "pct": 33.916306907378335,
      "disparity": {
        "he": 37.157337668295945,
        "ar": 12.529097192234751
      },
      "avg_disp": 24.843217430265348
    },
    "odd_layers": {
      "protected": 42476544,
      "pct": 33.916306907378335,
      "disparity": {
        "he": 225.4277046102409,
        "ar": 134.96798215928345
      },
      "avg_disp": 180.19784338476217
    }
  },
  "synergy_bonus": 29.295030057043597,
  "status": "SUCCESS"
}