{
  "id": "Exp-032",
  "name": "Output Layer Analysis",
  "timestamp": "2026-01-09T02:04:58.367688",
  "duration_sec": 70.085337,
  "results": {
    "none": {
      "protected": 0,
      "pct": 0.0,
      "disparity": {
        "he": 213.8216097253107,
        "ar": 81.99280260627019
      },
      "avg_disp": 147.90720616579046
    },
    "layer0": {
      "protected": 7079424,
      "pct": 5.6890348143256535,
      "disparity": {
        "he": 5.947131367132492,
        "ar": 1.2888896494172075
      },
      "avg_disp": 3.6180105082748497
    },
    "layer10": {
      "protected": 7079424,
      "pct": 5.6890348143256535,
      "disparity": {
        "he": 325.41727365558444,
        "ar": 79.8578195689838
      },
      "avg_disp": 202.63754661228413
    },
    "layer11": {
      "protected": 7079424,
      "pct": 5.6890348143256535,
      "disparity": {
        "he": 442.7242338069543,
        "ar": 229.63786695709868
      },
      "avg_disp": 336.1810503820265
    },
    "last_2": {
      "protected": 14158848,
      "pct": 11.378069628651307,
      "disparity": {
        "he": 351.1313246728285,
        "ar": 160.18227695033
      },
      "avg_disp": 255.65680081157925
    },
    "ln_f": {
      "protected": 768,
      "pct": 0.0006171658509791337,
      "disparity": {
        "he": 107.3376119749003,
        "ar": 44.231049136589604
      },
      "avg_disp": 75.78433055574496
    },
    "lm_head": {
      "protected": 0,
      "pct": 0.0,
      "disparity": {
        "he": 213.8216097253107,
        "ar": 81.99280260627019
      },
      "avg_disp": 147.90720616579046
    },
    "output_stack": {
      "protected": 7080192,
      "pct": 5.689651980176633,
      "disparity": {
        "he": 213.7370295434705,
        "ar": 88.5065811676058
      },
      "avg_disp": 151.12180535553816
    },
    "input_output": {
      "protected": 14159616,
      "pct": 11.378686794502286,
      "disparity": {
        "he": 1.0226294761525994,
        "ar": 0.4214715428493594
      },
      "avg_disp": 0.7220505095009794
    },
    "first_last": {
      "protected": 14158848,
      "pct": 11.378069628651307,
      "disparity": {
        "he": 0.7519709697318185,
        "ar": 0.6925983262672003
      },
      "avg_disp": 0.7222846479995094
    }
  },
  "best_strategy": "input_output",
  "status": "SUCCESS"
}