{
  "id": "Exp-024",
  "name": "Arabic/Chinese Focus",
  "timestamp": "2026-01-08T15:39:55.550760",
  "duration_sec": 50.160991,
  "results": {
    "none": {
      "avg_degradation": {
        "en": 4885.308643353902,
        "ar": 448785.8712838022,
        "zh": 142900.15296603148
      },
      "ar_disparity": 91.86438443236169,
      "zh_disparity": 29.250997920149114
    },
    "layer0": {
      "avg_degradation": {
        "en": 7815.121878915122,
        "ar": 11363.747960985207,
        "zh": 5793.603953453797
      },
      "ar_disparity": 1.4540717517975161,
      "zh_disparity": 0.7413325144787188
    },
    "layer0+2": {
      "avg_degradation": {
        "en": 8004.298234224506,
        "ar": 7311.1986278266,
        "zh": 14115.88410936497
      },
      "ar_disparity": 0.9134090727111623,
      "zh_disparity": 1.7635380012464745
    }
  },
  "status": "SUCCESS"
}