{
  "id": "Exp-003",
  "name": "Script Diversity",
  "timestamp": "2026-01-05T02:22:30.425394",
  "duration_sec": 77.839074,
  "hypothesis": "Non-Latin scripts suffer more degradation",
  "scripts_tested": [
    "Latin",
    "Hebrew",
    "Han"
  ],
  "baseline_ppl": {
    "en": 162.47152709960938,
    "he": 9.098283767700195,
    "zh": 72.12002563476562
  },
  "quantized_ppl": {
    "en": 7545.50341796875,
    "he": 88412.4140625,
    "zh": 94623.0078125
  },
  "degradation_pct": {
    "en": 4544.200465563847,
    "he": 971648.258461368,
    "zh": 131102.1272589326
  },
  "disparity_vs_en": {
    "he": 213.8216097253107,
    "zh": 28.8504277600494
  },
  "ranking": [
    "Hebrew",
    "Han",
    "Latin"
  ],
  "hypothesis_supported": true,
  "status": "SUCCESS"
}