{
  "id": "Exp-009",
  "name": "Full Coverage",
  "timestamp": "2026-01-05T11:06:29.663982",
  "duration_sec": 61.95921,
  "languages": [
    "en",
    "de",
    "fr",
    "zh",
    "he",
    "ar"
  ],
  "baseline_ppl": {
    "en": 162.47152709960938,
    "de": 214.21202087402344,
    "fr": 547.9036254882812,
    "zh": 72.12002563476562,
    "he": 9.098283767700195,
    "ar": 18.521150588989258
  },
  "quantized_ppl": {
    "en": 7545.50341796875,
    "de": 24834.033203125,
    "fr": 16082.2822265625,
    "zh": 94623.0078125,
    "he": 88412.4140625,
    "ar": 69026.796875
  },
  "degradation_pct": {
    "en": 4544.200465563847,
    "de": 11493.20242710829,
    "fr": 2835.23924252742,
    "zh": 131102.1272589326,
    "he": 971648.258461368,
    "ar": 372591.73177629756
  },
  "hr_avg": 6290.880711733185,
  "lr_avg": 491780.7058321994,
  "disparity_ratio": 78.17358623808813,
  "correlation": {
    "r": -0.8539163275532622,
    "p": 0.030451914156947625
  },
  "status": "SUCCESS"
}