{
  "experiment": "C-001b",
  "results": {
    "mBERT": {
      "en": 1.3043478260869565,
      "de": 1.8181818181818181,
      "fr": 1.5217391304347827,
      "vi": 1.206896551724138,
      "ar": 2.375,
      "hi": 2.0,
      "sw": 2.3181818181818183,
      "th": 24.333333333333332
    },
    "DistilmBERT": {
      "en": 1.3043478260869565,
      "de": 1.8181818181818181,
      "fr": 1.5217391304347827,
      "vi": 1.206896551724138,
      "ar": 2.375,
      "hi": 2.0,
      "sw": 2.3181818181818183,
      "th": 24.333333333333332
    }
  },
  "efficiency_gap": 6.169219858156029,
  "verdict": "EFFICIENCY GAP INCONCLUSIVE"
}