{
  "0": {
    "mean_abs": 0.010916478000581264,
    "max_abs": 0.78173828125,
    "kurtosis": 8.131200790405273,
    "category": "normal"
  },
  "1": {
    "mean_abs": 0.012172210961580276,
    "max_abs": 0.97021484375,
    "kurtosis": 4.705564975738525,
    "category": "low"
  },
  "2": {
    "mean_abs": 0.013948658481240273,
    "max_abs": 0.68994140625,
    "kurtosis": 1.7403182983398438,
    "category": "low"
  },
  "3": {
    "mean_abs": 0.01409836020320654,
    "max_abs": 0.83837890625,
    "kurtosis": 2.6401352882385254,
    "category": "low"
  },
  "4": {
    "mean_abs": 0.013852025382220745,
    "max_abs": 1.8994140625,
    "kurtosis": 76.2839584350586,
    "category": "HIGH"
  },
  "5": {
    "mean_abs": 0.012186400592327118,
    "max_abs": 2.54296875,
    "kurtosis": 125.91667175292969,
    "category": "EXTREME"
  },
  "6": {
    "mean_abs": 0.013151421211659908,
    "max_abs": 2.294921875,
    "kurtosis": 44.799171447753906,
    "category": "HIGH"
  },
  "7": {
    "mean_abs": 0.009235871024429798,
    "max_abs": 1.8974609375,
    "kurtosis": 39.05308532714844,
    "category": "HIGH"
  },
  "8": {
    "mean_abs": 0.006880209315568209,
    "max_abs": 0.71435546875,
    "kurtosis": 8.028553009033203,
    "category": "normal"
  },
  "9": {
    "mean_abs": 0.005967078264802694,
    "max_abs": 0.469970703125,
    "kurtosis": 8.981255531311035,
    "category": "normal"
  },
  "10": {
    "mean_abs": 0.011260145343840122,
    "max_abs": 1.0078125,
    "kurtosis": 5.468212127685547,
    "category": "normal"
  },
  "11": {
    "mean_abs": 0.012081917375326157,
    "max_abs": 0.86181640625,
    "kurtosis": 3.4394965171813965,
    "category": "low"
  },
  "12": {
    "mean_abs": 0.013926885090768337,
    "max_abs": 0.8544921875,
    "kurtosis": 2.840658664703369,
    "category": "low"
  },
  "13": {
    "mean_abs": 0.013929042965173721,
    "max_abs": 0.697265625,
    "kurtosis": 1.484053134918213,
    "category": "low"
  },
  "14": {
    "mean_abs": 0.014161624014377594,
    "max_abs": 0.453857421875,
    "kurtosis": 0.9625046253204346,
    "category": "low"
  },
  "15": {
    "mean_abs": 0.014278716407716274,
    "max_abs": 0.48095703125,
    "kurtosis": 0.978759765625,
    "category": "low"
  },
  "16": {
    "mean_abs": 0.014634226448833942,
    "max_abs": 0.583984375,
    "kurtosis": 1.374305248260498,
    "category": "low"
  },
  "17": {
    "mean_abs": 0.014973405748605728,
    "max_abs": 0.63671875,
    "kurtosis": 1.8138127326965332,
    "category": "low"
  },
  "18": {
    "mean_abs": 0.01528757531195879,
    "max_abs": 0.837890625,
    "kurtosis": 2.9900550842285156,
    "category": "low"
  },
  "19": {
    "mean_abs": 0.015659034252166748,
    "max_abs": 0.97216796875,
    "kurtosis": 4.632684230804443,
    "category": "low"
  },
  "20": {
    "mean_abs": 0.015877792611718178,
    "max_abs": 1.171875,
    "kurtosis": 16.36686134338379,
    "category": "normal"
  },
  "21": {
    "mean_abs": 0.015962831676006317,
    "max_abs": 2.802734375,
    "kurtosis": 148.19732666015625,
    "category": "EXTREME"
  },
  "22": {
    "mean_abs": 0.01614541746675968,
    "max_abs": 2.708984375,
    "kurtosis": 164.2998046875,
    "category": "EXTREME"
  },
  "23": {
    "mean_abs": 0.015847098082304,
    "max_abs": 1.88671875,
    "kurtosis": 36.31427001953125,
    "category": "HIGH"
  }
}