{
  "original": {
    "r": -0.8341124195489784,
    "p": 0.00020833863719373652
  },
  "bootstrap": {
    "ci95_low": -0.9297220992745228,
    "ci95_high": -0.6452793609225698,
    "median": -0.8411603546856509,
    "std": 0.07265150470631242,
    "n_resamples": 10000
  },
  "permutation": {
    "p_value": 0.0001,
    "null_mean": -0.0014586316855972874,
    "null_std": 0.27758919343228927,
    "n_permutations": 10000
  },
  "combined_layers": {
    "r": -0.8304069616724564,
    "p": 0.00023585526015143125
  },
  "robust": true
}