{
  "r": -0.7657692063044436,
  "p": 0.0014086052604384165,
  "n": 14
}