{
  "bloom": {
    "r": -0.7657692063044436,
    "p": 0.0014086052604384165
  },
  "xglm": {
    "r": 0.37662830908484507,
    "p": 0.18439516898490665
  },
  "replicates": false
}