{
  "outlier": {
    "r": -0.8341124195489784,
    "p": 0.00020833863719373652
  },
  "combined": {
    "r": -0.8304069616724564,
    "p": 0.00023585526015143125
  }
}