{
  "0": 1.940375804901123,
  "1": 1.2172608375549316,
  "2": 0.7633216381072998,
  "3": 0.6805458068847656,
  "4": 0.6569197177886963,
  "5": 0.8052282333374023,
  "6": 1.166384220123291,
  "7": 1.0798869132995605,
  "8": 0.8014430999755859,
  "9": 0.4067513942718506,
  "10": 0.3543100357055664,
  "11": 0.28130102157592773,
  "12": 0.24802470207214355,
  "13": 0.22212529182434082,
  "14": 0.1893610954284668,
  "15": 0.2027573585510254,
  "16": 0.22259807586669922,
  "17": 0.32590317726135254,
  "18": 0.3104400634765625,
  "19": 0.31992220878601074,
  "20": 0.3585493564605713,
  "21": 0.5202157497406006,
  "22": 0.6463379859924316,
  "23": 1.5249137878417969
}