{
  "id": "A-002",
  "name": "INT4 Degradation",
  "timestamp": "2026-01-04T17:33:43.527854",
  "model": "gpt2",
  "baseline_ppl": {
    "en": 46.55880355834961,
    "de": 211.98468017578125,
    "fr": 285.8008728027344,
    "zh": 70.70375061035156,
    "he": 9.093001365661621,
    "ar": 16.605241775512695
  },
  "quantized_ppl": {
    "en": 5884.5478515625,
    "de": 34484.7578125,
    "fr": 13983.1396484375,
    "zh": 107408.5859375,
    "he": 201678.828125,
    "ar": 99842.3515625
  },
  "degradation_pct": {
    "en": 12538.958482229289,
    "de": 16167.57074327478,
    "fr": 4792.616146098669,
    "zh": 151813.56188362456,
    "he": 2217856.646158774,
    "ar": 601170.0863514967
  },
  "status": "SUCCESS"
}